category,category_emoji,category_file,subcategory,product_name,product_file,product_grade,product_origin,product_note,variant_name,variant_file,variant_spec,variant_note
Indian Rice,🌾,rice.html,Basmati Rice,1121 Basmati (Sella/Raw),rice-basmati-1121.html,Extra long grain 8.30mm+,Punjab / Haryana,World's longest basmati,1121 Sella (Parboiled),rice-basmati-1121-sella.html,Golden/Cream,Moisture ≤13% · Broken ≤2%
Indian Rice,🌾,rice.html,Basmati Rice,1121 Basmati (Sella/Raw),rice-basmati-1121.html,Extra long grain 8.30mm+,Punjab / Haryana,World's longest basmati,1121 Raw (White Milled),rice-basmati-1121-raw.html,Pearly White,Moisture ≤12.5% · Broken ≤1%
Indian Rice,🌾,rice.html,Basmati Rice,1121 Basmati (Sella/Raw),rice-basmati-1121.html,Extra long grain 8.30mm+,Punjab / Haryana,World's longest basmati,1121 Steam,rice-basmati-1121-steam.html,Off-White,Moisture ≤13% · Broken ≤2%
Indian Rice,🌾,rice.html,Basmati Rice,1121 Basmati (Sella/Raw),rice-basmati-1121.html,Extra long grain 8.30mm+,Punjab / Haryana,World's longest basmati,1121 Golden Sella,rice-basmati-1121-golden.html,Deep Golden,Moisture ≤13% · Broken ≤2%
Indian Rice,🌾,rice.html,Basmati Rice,Pusa Basmati 1121,rice-basmati-pusa.html,"Grain 7.9mm+, Raw/Sella",Haryana / Punjab,"Sweet aroma, pearly white",Pusa Sella (Parboiled),rice-basmati-pusa-sella.html,Golden/Cream,Moisture ≤13% · Broken ≤2%
Indian Rice,🌾,rice.html,Basmati Rice,Pusa Basmati 1121,rice-basmati-pusa.html,"Grain 7.9mm+, Raw/Sella",Haryana / Punjab,"Sweet aroma, pearly white",Pusa Raw (White),rice-basmati-pusa-raw.html,Pearly White,Moisture ≤12.5%
Indian Rice,🌾,rice.html,Basmati Rice,Pusa Basmati 1121,rice-basmati-pusa.html,"Grain 7.9mm+, Raw/Sella",Haryana / Punjab,"Sweet aroma, pearly white",Pusa Steam,rice-basmati-pusa-steam.html,Off-White,Moisture ≤13%
Indian Rice,🌾,rice.html,Basmati Rice,Pusa Basmati 1121,rice-basmati-pusa.html,"Grain 7.9mm+, Raw/Sella",Haryana / Punjab,"Sweet aroma, pearly white",Pusa Golden Sella,rice-basmati-pusa-golden.html,Deep Golden,Moisture ≤13%
Indian Rice,🌾,rice.html,Basmati Rice,1718 Basmati,rice-basmati-1718.html,7.4mm avg grain,Punjab,"Fluffy, non-sticky",1718 Sella (Parboiled),rice-basmati-1718-sella.html,Golden/Cream,Moisture ≤13%
Indian Rice,🌾,rice.html,Basmati Rice,1718 Basmati,rice-basmati-1718.html,7.4mm avg grain,Punjab,"Fluffy, non-sticky",1718 Raw (White),rice-basmati-1718-raw.html,Pearly White,Moisture ≤12.5%
Indian Rice,🌾,rice.html,Basmati Rice,1718 Basmati,rice-basmati-1718.html,7.4mm avg grain,Punjab,"Fluffy, non-sticky",1718 Steam,rice-basmati-1718-steam.html,Off-White,Moisture ≤13%
Indian Rice,🌾,rice.html,Basmati Rice,1718 Basmati,rice-basmati-1718.html,7.4mm avg grain,Punjab,"Fluffy, non-sticky",1718 Golden Sella,rice-basmati-1718-golden.html,Deep Golden,Moisture ≤13%
Indian Rice,🌾,rice.html,Basmati Rice,1509 Basmati,rice-basmati-1509.html,Grain 6.8mm+,Punjab / UP,"Quick cook, value grade",1509 Sella (Parboiled),rice-basmati-1509-sella.html,Golden/Cream,Moisture ≤13%
Indian Rice,🌾,rice.html,Basmati Rice,1509 Basmati,rice-basmati-1509.html,Grain 6.8mm+,Punjab / UP,"Quick cook, value grade",1509 Raw (White),rice-basmati-1509-raw.html,Pearly White,Moisture ≤12.5%
Indian Rice,🌾,rice.html,Basmati Rice,1509 Basmati,rice-basmati-1509.html,Grain 6.8mm+,Punjab / UP,"Quick cook, value grade",1509 Steam,rice-basmati-1509-steam.html,Off-White,Moisture ≤13%
Indian Rice,🌾,rice.html,Basmati Rice,1509 Basmati,rice-basmati-1509.html,Grain 6.8mm+,Punjab / UP,"Quick cook, value grade",1509 Golden Sella,rice-basmati-1509-golden.html,Deep Golden,Moisture ≤13%
Indian Rice,🌾,rice.html,Basmati Rice,Traditional Basmati (Dehraduni),rice-basmati-traditional.html,"6.61mm, GI Tagged",Uttarakhand / UP,Classic heirloom aroma,Traditional Sella,rice-basmati-traditional-sella.html,Cream,
Indian Rice,🌾,rice.html,Basmati Rice,Traditional Basmati (Dehraduni),rice-basmati-traditional.html,"6.61mm, GI Tagged",Uttarakhand / UP,Classic heirloom aroma,Traditional Raw,rice-basmati-traditional-raw.html,Pearly White,
Indian Rice,🌾,rice.html,Basmati Rice,Traditional Basmati (Dehraduni),rice-basmati-traditional.html,"6.61mm, GI Tagged",Uttarakhand / UP,Classic heirloom aroma,Traditional Steam,rice-basmati-traditional-steam.html,Off-White,
Indian Rice,🌾,rice.html,Non-Basmati Rice,PR 11 / PR 14,rice-pr11.html,Medium grain,Punjab,Bulk export staple,PR 11 Sella Cream,rice-pr11-sella.html,Cream,
Indian Rice,🌾,rice.html,Non-Basmati Rice,PR 11 / PR 14,rice-pr11.html,Medium grain,Punjab,Bulk export staple,PR 11 Raw White,rice-pr11-raw.html,White,
Indian Rice,🌾,rice.html,Non-Basmati Rice,PR 11 / PR 14,rice-pr11.html,Medium grain,Punjab,Bulk export staple,PR 14 Sella,rice-pr14-sella.html,Cream,
Indian Rice,🌾,rice.html,Non-Basmati Rice,Sona Masoori,rice-sona-masoori.html,Short/medium grain,Andhra Pradesh,"Lightweight, daily use",Sona Masoori Raw,rice-sona-masoori-raw.html,White,
Indian Rice,🌾,rice.html,Non-Basmati Rice,Sona Masoori,rice-sona-masoori.html,Short/medium grain,Andhra Pradesh,"Lightweight, daily use",Sona Masoori Boiled,rice-sona-masoori-boiled.html,Off-White,
Indian Rice,🌾,rice.html,Non-Basmati Rice,IR 64 Parboiled,rice-ir64.html,Long grain parboiled,Multiple states,Africa/ME export staple,IR 64 Parboiled 5%,rice-ir64-parboiled-5.html,Golden,Broken ≤5%
Indian Rice,🌾,rice.html,Non-Basmati Rice,IR 64 Parboiled,rice-ir64.html,Long grain parboiled,Multiple states,Africa/ME export staple,IR 64 Parboiled 25%,rice-ir64-parboiled-25.html,Golden,Broken ≤25%
Indian Rice,🌾,rice.html,Non-Basmati Rice,IR 64 Parboiled,rice-ir64.html,Long grain parboiled,Multiple states,Africa/ME export staple,IR 64 Parboiled 100%,rice-ir64-parboiled-100.html,Golden,100% Broken
Indian Rice,🌾,rice.html,Non-Basmati Rice,IR 64 Parboiled,rice-ir64.html,Long grain parboiled,Multiple states,Africa/ME export staple,IR 64 Raw White,rice-ir64-raw.html,White,
Indian Rice,🌾,rice.html,Non-Basmati Rice,Swarna / MTU 7029,rice-swarna.html,Short grain,West Bengal / AP,"Soft cook, high yield",Swarna Raw White,rice-swarna-raw.html,White,
Indian Rice,🌾,rice.html,Non-Basmati Rice,Swarna / MTU 7029,rice-swarna.html,Short grain,West Bengal / AP,"Soft cook, high yield",Swarna Sella Golden,rice-swarna-sella.html,Golden,
Indian Rice,🌾,rice.html,Non-Basmati Rice,Ponni Boiled,rice-ponni.html,Short grain,Tamil Nadu,South Indian staple,Ponni Boiled,rice-ponni-boiled.html,Off-White,
Indian Rice,🌾,rice.html,Non-Basmati Rice,Gobindobhog,rice-gobindobhog.html,Short aromatic,West Bengal,Premium aromatic,Gobindobhog Raw,rice-gobindobhog-raw.html,White,
Indian Rice,🌾,rice.html,Non-Basmati Rice,Miniket Rice,rice-miniket.html,Short grain,West Bengal,Eastern India staple,Miniket Raw,rice-miniket-raw.html,White,
Indian Rice,🌾,rice.html,Non-Basmati Rice,Parboiled Long Grain,rice-parboiled.html,Long grain,Multiple states,Bulk parboiled,Parboiled 5% Broken,rice-parboiled-5.html,Golden,
Indian Rice,🌾,rice.html,Non-Basmati Rice,Parboiled Long Grain,rice-parboiled.html,Long grain,Multiple states,Bulk parboiled,Parboiled 25% Broken,rice-parboiled-25.html,Golden,
Indian Rice,🌾,rice.html,Non-Basmati Rice,Parboiled Long Grain,rice-parboiled.html,Long grain,Multiple states,Bulk parboiled,Parboiled 100% Broken,rice-parboiled-100.html,Golden,
Indian Spices,🌶,spices.html,Whole Spices,Turmeric Finger,spice-turmeric.html,Curcumin 2-5%,Sangli / Erode,,Turmeric Finger Rajapore,spice-turmeric-rajapore.html,Curcumin 2.5-3%,Double polished
Indian Spices,🌶,spices.html,Whole Spices,Turmeric Finger,spice-turmeric.html,Curcumin 2-5%,Sangli / Erode,,Turmeric Finger Erode,spice-turmeric-erode.html,Curcumin 3-3.5%,Single/Double polished
Indian Spices,🌶,spices.html,Whole Spices,Turmeric Finger,spice-turmeric.html,Curcumin 2-5%,Sangli / Erode,,Turmeric Finger Sangli,spice-turmeric-sangli.html,Curcumin 2-2.5%,
Indian Spices,🌶,spices.html,Whole Spices,Turmeric Finger,spice-turmeric.html,Curcumin 2-5%,Sangli / Erode,,Turmeric Finger Salem,spice-turmeric-salem.html,Curcumin 3.5-5%,High curcumin
Indian Spices,🌶,spices.html,Whole Spices,Cumin Seeds,spice-cumin.html,"99% purity, 2.5%+ oil",Gujarat / Rajasthan,,Cumin Seeds Singapore Quality,spice-cumin-singapore.html,99.5% purity,Machine cleaned
Indian Spices,🌶,spices.html,Whole Spices,Cumin Seeds,spice-cumin.html,"99% purity, 2.5%+ oil",Gujarat / Rajasthan,,Cumin Seeds Europe Quality,spice-cumin-europe.html,"99% purity, sortex",Color sortex
Indian Spices,🌶,spices.html,Whole Spices,Cumin Seeds,spice-cumin.html,"99% purity, 2.5%+ oil",Gujarat / Rajasthan,,Cumin Seeds FAQ,spice-cumin-faq.html,98% purity,Fair Average Quality
Indian Spices,🌶,spices.html,Whole Spices,Black Pepper,spice-black-pepper.html,500-580 g/L,Kerala / Karnataka,,Black Pepper MG1,spice-black-pepper-mg1.html,550 g/L min,Malabar Garbled
Indian Spices,🌶,spices.html,Whole Spices,Black Pepper,spice-black-pepper.html,500-580 g/L,Kerala / Karnataka,,Black Pepper TGSEB,spice-black-pepper-tgseb.html,580 g/L min,Tellicherry Extra Bold
Indian Spices,🌶,spices.html,Whole Spices,Black Pepper,spice-black-pepper.html,500-580 g/L,Kerala / Karnataka,,Black Pepper FAQ,spice-black-pepper-faq.html,500 g/L min,Fair Average Quality
Indian Spices,🌶,spices.html,Whole Spices,Green Cardamom,spice-cardamom.html,5mm–8mm+ sizes,Kerala,,Cardamom 8mm+ (Alleppey Green Extra Bold),spice-cardamom-8mm.html,8mm+,Premium
Indian Spices,🌶,spices.html,Whole Spices,Green Cardamom,spice-cardamom.html,5mm–8mm+ sizes,Kerala,,Cardamom 7–8mm,spice-cardamom-7-8mm.html,7-8mm,
Indian Spices,🌶,spices.html,Whole Spices,Green Cardamom,spice-cardamom.html,5mm–8mm+ sizes,Kerala,,Cardamom 6–7mm,spice-cardamom-6-7mm.html,6-7mm,
Indian Spices,🌶,spices.html,Whole Spices,Green Cardamom,spice-cardamom.html,5mm–8mm+ sizes,Kerala,,Cardamom 5–6mm,spice-cardamom-5-6mm.html,5-6mm,
Indian Spices,🌶,spices.html,Whole Spices,Coriander Seeds,spice-coriander.html,Eagle/Parrot grade,Rajasthan / MP,,Coriander Seeds Eagle Quality,spice-coriander-eagle.html,Sortex clean,Top export
Indian Spices,🌶,spices.html,Whole Spices,Coriander Seeds,spice-coriander.html,Eagle/Parrot grade,Rajasthan / MP,,Coriander Seeds Double Parrot,spice-coriander-double-parrot.html,Machine cleaned,
Indian Spices,🌶,spices.html,Whole Spices,Coriander Seeds,spice-coriander.html,Eagle/Parrot grade,Rajasthan / MP,,Coriander Seeds FAQ,spice-coriander-faq.html,,Fair Average Quality
Indian Spices,🌶,spices.html,Whole Spices,Red Chilli Whole,spice-red-chilli.html,S4/S17/Byadgi/Teja,Guntur / Warangal,,S4 / Sannam (w/ stem),spice-red-chilli-s4.html,ASTA 80-100,Medium pungency
Indian Spices,🌶,spices.html,Whole Spices,Red Chilli Whole,spice-red-chilli.html,S4/S17/Byadgi/Teja,Guntur / Warangal,,S17 / Teja (w/o stem),spice-red-chilli-s17.html,ASTA 60-80,High pungency 50K+ SHU
Indian Spices,🌶,spices.html,Whole Spices,Red Chilli Whole,spice-red-chilli.html,S4/S17/Byadgi/Teja,Guntur / Warangal,,Byadgi (Karnataka),spice-red-chilli-byadgi.html,ASTA 120-180,"Low pungency, high colour"
Indian Spices,🌶,spices.html,Whole Spices,Red Chilli Whole,spice-red-chilli.html,S4/S17/Byadgi/Teja,Guntur / Warangal,,Teja (Andhra),spice-red-chilli-teja.html,ASTA 80-100,Very high pungency 80K+ SHU
Indian Spices,🌶,spices.html,Whole Spices,Red Chilli Whole,spice-red-chilli.html,S4/S17/Byadgi/Teja,Guntur / Warangal,,Wonder Hot / 334,spice-red-chilli-334.html,ASTA 100+,Dual purpose
Indian Spices,🌶,spices.html,Whole Spices,Fennel Seeds,spice-fennel.html,Europe/Singapore grade,Gujarat,,Fennel Seeds Europe Quality,spice-fennel-europe.html,"Sortex clean, green",
Indian Spices,🌶,spices.html,Whole Spices,Fennel Seeds,spice-fennel.html,Europe/Singapore grade,Gujarat,,Fennel Seeds Singapore Quality,spice-fennel-singapore.html,Machine cleaned,
Indian Spices,🌶,spices.html,Whole Spices,Fennel Seeds,spice-fennel.html,Europe/Singapore grade,Gujarat,,Fennel Seeds FAQ,spice-fennel-faq.html,,
Indian Spices,🌶,spices.html,Whole Spices,Cloves,spice-cloves.html,15%+ oil,Kerala,,Cloves Grade 1,spice-cloves-grade1.html,16%+ oil,"Hand picked, bold"
Indian Spices,🌶,spices.html,Whole Spices,Cloves,spice-cloves.html,15%+ oil,Kerala,,Cloves FAQ,spice-cloves-faq.html,14%+ oil,
Indian Spices,🌶,spices.html,Whole Spices,Cinnamon,spice-cinnamon.html,Cassia/True,Kerala,,Cinnamon Cassia (Chinese),spice-cinnamon-cassia.html,,Thick bark
Indian Spices,🌶,spices.html,Whole Spices,Cinnamon,spice-cinnamon.html,Cassia/True,Kerala,,Cinnamon True (Ceylon-type),spice-cinnamon-true.html,,Thin rolled quills
Indian Spices,🌶,spices.html,Whole Spices,Bay Leaves,spice-bay-leaves.html,Tej Patta,Uttarakhand,,Bay Leaves Supreme HPS,spice-bay-leaves-hps.html,Hand Picked Selected,"Green, whole"
Indian Spices,🌶,spices.html,Whole Spices,Bay Leaves,spice-bay-leaves.html,Tej Patta,Uttarakhand,,Bay Leaves FAQ,spice-bay-leaves-faq.html,,Mixed size
Indian Spices,🌶,spices.html,Whole Spices,Star Anise,spice-star-anise.html,Whole stars,NE India,,Star Anise Whole,spice-star-anise-whole.html,8 complete petals,
Indian Spices,🌶,spices.html,Whole Spices,Star Anise,spice-star-anise.html,Whole stars,NE India,,Star Anise Broken,spice-star-anise-broken.html,,Industrial grade
Indian Spices,🌶,spices.html,Whole Spices,Fenugreek Seeds,spice-fenugreek.html,Sortex clean,Rajasthan / MP,,Fenugreek Seeds Sortex,spice-fenugreek-sortex.html,,
Indian Spices,🌶,spices.html,Whole Spices,Fenugreek Seeds,spice-fenugreek.html,Sortex clean,Rajasthan / MP,,Fenugreek Seeds FAQ,spice-fenugreek-faq.html,,
Indian Spices,🌶,spices.html,Whole Spices,White Pepper,spice-white-pepper.html,Decorticated,Kerala,,White Pepper,spice-white-pepper-export.html,Export grade,
Indian Spices,🌶,spices.html,Whole Spices,Mace,spice-mace.html,Whole/broken,Kerala,,Mace,spice-mace-export.html,Export grade,
Indian Spices,🌶,spices.html,Whole Spices,Nutmeg,spice-nutmeg-spice.html,Whole unshelled,Kerala,,Nutmeg,spice-nutmeg-spice-export.html,Export grade,
Indian Spices,🌶,spices.html,Whole Spices,Long Pepper,spice-long-pepper.html,Pippali,Kerala / NE India,,Long Pepper,spice-long-pepper-export.html,Export grade,
Indian Spices,🌶,spices.html,Powdered Spices,Turmeric Powder,spice-turmeric-powder.html,,,,Turmeric Powder 100 Mesh,spice-turmeric-powder-100mesh.html,100 mesh fine,
Indian Spices,🌶,spices.html,Powdered Spices,Turmeric Powder,spice-turmeric-powder.html,,,,Turmeric Powder 60 Mesh,spice-turmeric-powder-60mesh.html,60 mesh coarse,
Indian Spices,🌶,spices.html,Powdered Spices,Red Chilli Powder,spice-red-chilli-powder.html,,,,Red Chilli Powder 100 Mesh,spice-red-chilli-powder-100mesh.html,100 mesh fine,
Indian Spices,🌶,spices.html,Powdered Spices,Red Chilli Powder,spice-red-chilli-powder.html,,,,Red Chilli Powder 60 Mesh,spice-red-chilli-powder-60mesh.html,60 mesh coarse,
Indian Spices,🌶,spices.html,Powdered Spices,Coriander Powder,spice-coriander-powder.html,,,,Coriander Powder 100 Mesh,spice-coriander-powder-100mesh.html,100 mesh fine,
Indian Spices,🌶,spices.html,Powdered Spices,Coriander Powder,spice-coriander-powder.html,,,,Coriander Powder 60 Mesh,spice-coriander-powder-60mesh.html,60 mesh coarse,
Indian Spices,🌶,spices.html,Powdered Spices,Cumin Powder,spice-cumin-powder.html,,,,Cumin Powder 100 Mesh,spice-cumin-powder-100mesh.html,100 mesh fine,
Indian Spices,🌶,spices.html,Powdered Spices,Cumin Powder,spice-cumin-powder.html,,,,Cumin Powder 60 Mesh,spice-cumin-powder-60mesh.html,60 mesh coarse,
Indian Spices,🌶,spices.html,Powdered Spices,Black Pepper Powder,spice-black-pepper-powder.html,,,,Black Pepper Powder 100 Mesh,spice-black-pepper-powder-100mesh.html,100 mesh fine,
Indian Spices,🌶,spices.html,Powdered Spices,Black Pepper Powder,spice-black-pepper-powder.html,,,,Black Pepper Powder 60 Mesh,spice-black-pepper-powder-60mesh.html,60 mesh coarse,
Indian Spices,🌶,spices.html,Powdered Spices,Cardamom Powder,spice-cardamom-powder.html,,,,Cardamom Powder 100 Mesh,spice-cardamom-powder-100mesh.html,100 mesh fine,
Indian Spices,🌶,spices.html,Powdered Spices,Cardamom Powder,spice-cardamom-powder.html,,,,Cardamom Powder 60 Mesh,spice-cardamom-powder-60mesh.html,60 mesh coarse,
Indian Spices,🌶,spices.html,Powdered Spices,Fennel Powder,spice-fennel-powder.html,,,,Fennel Powder 100 Mesh,spice-fennel-powder-100mesh.html,100 mesh fine,
Indian Spices,🌶,spices.html,Powdered Spices,Fennel Powder,spice-fennel-powder.html,,,,Fennel Powder 60 Mesh,spice-fennel-powder-60mesh.html,60 mesh coarse,
Indian Spices,🌶,spices.html,Powdered Spices,Fenugreek Powder,spice-fenugreek-powder.html,,,,Fenugreek Powder 100 Mesh,spice-fenugreek-powder-100mesh.html,100 mesh fine,
Indian Spices,🌶,spices.html,Powdered Spices,Fenugreek Powder,spice-fenugreek-powder.html,,,,Fenugreek Powder 60 Mesh,spice-fenugreek-powder-60mesh.html,60 mesh coarse,
Indian Spices,🌶,spices.html,Mixed Spices,Curry Powder,spice-curry-powder.html,,,,Standard Blend,spice-curry-powder-standard.html,Standard formulation,
Indian Spices,🌶,spices.html,Mixed Spices,Curry Powder,spice-curry-powder.html,,,,Custom Blend,spice-curry-powder-custom.html,Buyer spec formulation,
Indian Spices,🌶,spices.html,Mixed Spices,Garam Masala,spice-garam-masala.html,,,,Standard Blend,spice-garam-masala-standard.html,Standard formulation,
Indian Spices,🌶,spices.html,Mixed Spices,Garam Masala,spice-garam-masala.html,,,,Custom Blend,spice-garam-masala-custom.html,Buyer spec formulation,
Indian Spices,🌶,spices.html,Mixed Spices,Biryani Masala,spice-biryani-masala.html,,,,Standard Blend,spice-biryani-masala-standard.html,Standard formulation,
Indian Spices,🌶,spices.html,Mixed Spices,Biryani Masala,spice-biryani-masala.html,,,,Custom Blend,spice-biryani-masala-custom.html,Buyer spec formulation,
Indian Spices,🌶,spices.html,Mixed Spices,Sambar Powder,spice-sambar-powder.html,,,,Standard Blend,spice-sambar-powder-standard.html,Standard formulation,
Indian Spices,🌶,spices.html,Mixed Spices,Sambar Powder,spice-sambar-powder.html,,,,Custom Blend,spice-sambar-powder-custom.html,Buyer spec formulation,
Indian Spices,🌶,spices.html,Mixed Spices,Chaat Masala,spice-chaat-masala.html,,,,Standard Blend,spice-chaat-masala-standard.html,Standard formulation,
Indian Spices,🌶,spices.html,Mixed Spices,Chaat Masala,spice-chaat-masala.html,,,,Custom Blend,spice-chaat-masala-custom.html,Buyer spec formulation,
Indian Spices,🌶,spices.html,Mixed Spices,Tea Masala,spice-tea-masala.html,,,,Standard Blend,spice-tea-masala-standard.html,Standard formulation,
Indian Spices,🌶,spices.html,Mixed Spices,Tea Masala,spice-tea-masala.html,,,,Custom Blend,spice-tea-masala-custom.html,Buyer spec formulation,
Oil Seeds,🌻,oil-seeds.html,Sesame Seeds,Hulled Sesame 99.95%,oilseed-sesame-hulled.html,99.95% purity,Gujarat,,Hulled Sesame 99.95%,oilseed-sesame-hulled-9995.html,99.95% purity,Premium
Oil Seeds,🌻,oil-seeds.html,Sesame Seeds,Hulled Sesame 99.95%,oilseed-sesame-hulled.html,99.95% purity,Gujarat,,Hulled Sesame 99/1,oilseed-sesame-hulled-991.html,"99% purity, 1% max imp",Standard
Oil Seeds,🌻,oil-seeds.html,Sesame Seeds,Natural White Sesame,oilseed-sesame-natural.html,99/1 purity,Gujarat,,Natural Sesame 99/1,oilseed-sesame-natural-991.html,99% purity,
Oil Seeds,🌻,oil-seeds.html,Sesame Seeds,Natural White Sesame,oilseed-sesame-natural.html,99/1 purity,Gujarat,,Natural Sesame 98/2,oilseed-sesame-natural-982.html,98% purity,
Oil Seeds,🌻,oil-seeds.html,Sesame Seeds,Black Sesame,oilseed-sesame-black.html,99% purity,Gujarat,,Black Sesame 99%,oilseed-sesame-black-99.html,99%,
Oil Seeds,🌻,oil-seeds.html,Sesame Seeds,Mixed Sesame,oilseed-sesame-mixed.html,,Gujarat,,Mixed Sesame,oilseed-sesame-mixed-export.html,,
Oil Seeds,🌻,oil-seeds.html,Groundnuts,Peanut Bold 40/50,oilseed-peanut-bold.html,40/50 count,Gujarat,,Bold 38/42,oilseed-peanut-bold-3842.html,38-42 kernels/oz,
Oil Seeds,🌻,oil-seeds.html,Groundnuts,Peanut Bold 40/50,oilseed-peanut-bold.html,40/50 count,Gujarat,,Bold 40/50,oilseed-peanut-bold-4050.html,40-50 kernels/oz,
Oil Seeds,🌻,oil-seeds.html,Groundnuts,Java Peanut 50/60,oilseed-java-peanut.html,50/60 count,Gujarat,,Java 50/60,oilseed-java-peanut-5060.html,50-60 kernels/oz,
Oil Seeds,🌻,oil-seeds.html,Groundnuts,Java Peanut 50/60,oilseed-java-peanut.html,50/60 count,Gujarat,,Java 60/70,oilseed-java-peanut-6070.html,60-70 kernels/oz,
Oil Seeds,🌻,oil-seeds.html,Groundnuts,Runner Peanut 60/70,oilseed-runner-peanut.html,60/70 count,Gujarat,,Runner 60/70,oilseed-runner-peanut-6070.html,,
Oil Seeds,🌻,oil-seeds.html,Groundnuts,HPS Groundnuts,oilseed-hps.html,Hand Picked,Gujarat,,HPS Groundnuts,oilseed-hps-export.html,,
Oil Seeds,🌻,oil-seeds.html,Other Oil Seeds,Mustard Seeds,oilseed-mustard.html,,Rajasthan,,Export Grade,oilseed-mustard-export.html,,
Oil Seeds,🌻,oil-seeds.html,Other Oil Seeds,Flax / Linseed,oilseed-flax.html,,MP,,Export Grade,oilseed-flax-export.html,,
Oil Seeds,🌻,oil-seeds.html,Other Oil Seeds,Sunflower Seeds,oilseed-sunflower.html,,Karnataka,,Export Grade,oilseed-sunflower-export.html,,
Oil Seeds,🌻,oil-seeds.html,Other Oil Seeds,Niger Seeds,oilseed-niger.html,,MP / Odisha,,Export Grade,oilseed-niger-export.html,,
Pulses,🫘,pulses.html,Whole Pulses,Kabuli Chickpeas,pulse-chickpeas.html,42-58/60 count,MP / Rajasthan,,Kabuli 42/44,pulse-chickpeas-4244.html,42-44 count/oz,Premium bold
Pulses,🫘,pulses.html,Whole Pulses,Kabuli Chickpeas,pulse-chickpeas.html,42-58/60 count,MP / Rajasthan,,Kabuli 44/46,pulse-chickpeas-4446.html,44-46 count/oz,
Pulses,🫘,pulses.html,Whole Pulses,Kabuli Chickpeas,pulse-chickpeas.html,42-58/60 count,MP / Rajasthan,,Kabuli 58/60,pulse-chickpeas-5860.html,58-60 count/oz,Standard
Pulses,🫘,pulses.html,Whole Pulses,Desi Chana,pulse-desi-chana.html,Brown chickpeas,MP,,Desi Chana,pulse-desi-chana-export.html,,
Pulses,🫘,pulses.html,Whole Pulses,Green Moong Whole,pulse-green-moong.html,,Rajasthan,,Green Moong Bold,pulse-green-moong-bold.html,,
Pulses,🫘,pulses.html,Whole Pulses,Black Urad Whole,pulse-black-urad.html,,MP,,Black Urad Whole,pulse-black-urad-export.html,,
Pulses,🫘,pulses.html,Whole Pulses,Lobia,pulse-lobia.html,Black-eyed peas,Rajasthan,,Lobia Export,pulse-lobia-export.html,,
Pulses,🫘,pulses.html,Whole Pulses,Rajma (Kidney Beans),pulse-rajma.html,Chitra/Red/Jammu,J&K / HP,,Rajma Chitra,pulse-rajma-chitra.html,Speckled,
Pulses,🫘,pulses.html,Whole Pulses,Rajma (Kidney Beans),pulse-rajma.html,Chitra/Red/Jammu,J&K / HP,,Rajma Red,pulse-rajma-red.html,Dark red,
Pulses,🫘,pulses.html,Whole Pulses,Rajma (Kidney Beans),pulse-rajma.html,Chitra/Red/Jammu,J&K / HP,,Rajma Jammu,pulse-rajma-jammu.html,"Small, red-brown",Premium
Pulses,🫘,pulses.html,Split Pulses / Dal,Toor Dal (Arhar),pulse-toor-dal.html,Oily/Dry,,,Export Grade,pulse-toor-dal-export.html,,
Pulses,🫘,pulses.html,Split Pulses / Dal,Moong Dal Split,pulse-moong-dal.html,,,,Export Grade,pulse-moong-dal-export.html,,
Pulses,🫘,pulses.html,Split Pulses / Dal,Chana Dal,pulse-chana-dal.html,,,,Export Grade,pulse-chana-dal-export.html,,
Pulses,🫘,pulses.html,Split Pulses / Dal,Masoor Dal (Red Lentils),pulse-masoor-dal.html,,,,Export Grade,pulse-masoor-dal-export.html,,
Pulses,🫘,pulses.html,Split Pulses / Dal,Urad Dal White,pulse-urad-dal.html,,,,Export Grade,pulse-urad-dal-export.html,,
Pulses,🫘,pulses.html,Split Pulses / Dal,Yellow Split Peas,pulse-yellow-peas.html,,,,Export Grade,pulse-yellow-peas-export.html,,
Pulses,🫘,pulses.html,Split Pulses / Dal,Green Split Peas,pulse-green-peas.html,,,,Export Grade,pulse-green-peas-export.html,,
Coffee,☕,coffee.html,Coffee Beans,Arabica Plantation A,coffee-arabica.html,Screen 17+,Karnataka,,Arabica Plantation A,coffee-arabica-a.html,"Screen 17+, Washed",
Coffee,☕,coffee.html,Coffee Beans,Arabica Plantation B,coffee-arabica-b.html,Screen 16,Karnataka,,Arabica Plantation B,coffee-arabica-b-grade.html,"Screen 16, Washed",
Coffee,☕,coffee.html,Coffee Beans,Arabica Peaberry,coffee-arabica-peaberry.html,Single round bean,Karnataka,,Arabica Peaberry,coffee-arabica-peaberry-grade.html,,
Coffee,☕,coffee.html,Coffee Beans,Robusta Cherry AB,coffee-robusta.html,Screen 15+,Karnataka,,Robusta Cherry AB,coffee-robusta-ab.html,"Screen 15+, Natural",
Coffee,☕,coffee.html,Coffee Beans,Robusta Cherry C,coffee-robusta-c.html,Screen 13-14,Karnataka,,Robusta Cherry C,coffee-robusta-c-grade.html,Screen 13-14,
Coffee,☕,coffee.html,Coffee Beans,Robusta Parchment AB,coffee-robusta-parchment.html,Washed,Karnataka,,Robusta Parchment AB,coffee-robusta-parchment-ab.html,"Washed, Screen 15+",
Coffee,☕,coffee.html,Instant Coffee,Freeze Dried Arabica,coffee-freeze-dried-arabica.html,,,,Standard,coffee-freeze-dried-arabica-standard.html,,
Coffee,☕,coffee.html,Instant Coffee,Freeze Dried Robusta,coffee-freeze-dried-robusta.html,,,,Standard,coffee-freeze-dried-robusta-standard.html,,
Coffee,☕,coffee.html,Instant Coffee,Freeze Dried Blend,coffee-freeze-dried-blend.html,,,,Standard,coffee-freeze-dried-blend-standard.html,,
Coffee,☕,coffee.html,Instant Coffee,Spray Dried,coffee-spray-dried.html,,,,Standard,coffee-spray-dried-standard.html,,
Cereals & Flour,🌾,cereals.html,Cereals / Grains,Green Millet (Bajra),cereal-green-millet.html,,Rajasthan,,Export Grade,cereal-green-millet-export.html,,
Cereals & Flour,🌾,cereals.html,Cereals / Grains,Wheat,cereal-wheat.html,,MP / Punjab,,Export Grade,cereal-wheat-export.html,,
Cereals & Flour,🌾,cereals.html,Cereals / Grains,Corn / Maize,cereal-corn.html,,MP,,Export Grade,cereal-corn-export.html,,
Cereals & Flour,🌾,cereals.html,Cereals / Grains,Jowar (Sorghum),cereal-jowar.html,,Maharashtra,,Export Grade,cereal-jowar-export.html,,
Cereals & Flour,🌾,cereals.html,Cereals / Grains,Ragi (Finger Millet),cereal-ragi.html,,Karnataka,,Export Grade,cereal-ragi-export.html,,
Cereals & Flour,🌾,cereals.html,Flour / Milled,Wheat Flour (Atta),flour-wheat.html,,,,Export Grade,flour-wheat-export.html,,
Cereals & Flour,🌾,cereals.html,Flour / Milled,Corn Flour,flour-corn.html,,,,Export Grade,flour-corn-export.html,,
Cereals & Flour,🌾,cereals.html,Flour / Milled,Semolina (Suji),flour-semolina.html,,,,Export Grade,flour-semolina-export.html,,
Cereals & Flour,🌾,cereals.html,Flour / Milled,Sorghum Flour,flour-sorghum.html,,,,Export Grade,flour-sorghum-export.html,,
Cereals & Flour,🌾,cereals.html,Flour / Milled,Besan (Chickpea Flour),flour-besan.html,,,,Export Grade,flour-besan-export.html,,
Cereals & Flour,🌾,cereals.html,Flour / Milled,Rice Flour,flour-rice.html,,,,Export Grade,flour-rice-export.html,,
Dry Fruits & Nuts,🫐,dry-fruits.html,Raisins,Malayar Raisins,dryfruit-malayar-raisins.html,,Maharashtra,,Export Grade,dryfruit-malayar-raisins-export.html,,
Dry Fruits & Nuts,🫐,dry-fruits.html,Raisins,Golden Raisins,dryfruit-golden-raisins.html,,Maharashtra,,Export Grade,dryfruit-golden-raisins-export.html,,
Dry Fruits & Nuts,🫐,dry-fruits.html,Raisins,Black Raisins,dryfruit-black-raisins.html,,Maharashtra,,Export Grade,dryfruit-black-raisins-export.html,,
Dry Fruits & Nuts,🫐,dry-fruits.html,Nuts,Cashews W180–W450,dryfruit-cashews.html,,Goa / Kerala,,Cashew W180,dryfruit-cashew-w180.html,"King size, 180/lb",
Dry Fruits & Nuts,🫐,dry-fruits.html,Nuts,Cashews W180–W450,dryfruit-cashews.html,,Goa / Kerala,,Cashew W240,dryfruit-cashew-w240.html,240/lb,
Dry Fruits & Nuts,🫐,dry-fruits.html,Nuts,Cashews W180–W450,dryfruit-cashews.html,,Goa / Kerala,,Cashew W320,dryfruit-cashew-w320.html,320/lb,Standard
Dry Fruits & Nuts,🫐,dry-fruits.html,Nuts,Cashews W180–W450,dryfruit-cashews.html,,Goa / Kerala,,Cashew W450,dryfruit-cashew-w450.html,450/lb,Economy
Dry Fruits & Nuts,🫐,dry-fruits.html,Nuts,Cashews W180–W450,dryfruit-cashews.html,,Goa / Kerala,,Cashew Splits,dryfruit-cashew-splits.html,Split halves,
Dry Fruits & Nuts,🫐,dry-fruits.html,Nuts,Walnuts,dryfruit-walnuts.html,,J&K,,Walnut In Shell,dryfruit-walnuts-shell.html,,
Dry Fruits & Nuts,🫐,dry-fruits.html,Nuts,Walnuts,dryfruit-walnuts.html,,J&K,,Walnut Kernels,dryfruit-walnuts-kernels.html,Light halves,
Dry Fruits & Nuts,🫐,dry-fruits.html,Nuts,Almonds,dryfruit-almonds.html,,J&K / California,,Almonds Export,dryfruit-almonds-export.html,,
Dry Fruits & Nuts,🫐,dry-fruits.html,Other Dry Fruits,Nutmeg,dryfruit-nutmeg.html,,,,Export Grade,dryfruit-nutmeg-export.html,,
Dry Fruits & Nuts,🫐,dry-fruits.html,Other Dry Fruits,Dried Figs,dryfruit-figs.html,,,,Export Grade,dryfruit-figs-export.html,,
Dry Fruits & Nuts,🫐,dry-fruits.html,Other Dry Fruits,Dried Dates,dryfruit-dates.html,,,,Export Grade,dryfruit-dates-export.html,,
Dehydrated Products,🧅,dehydrated.html,Pieces & Flakes,Onion Flakes,dehy-onion-flakes.html,,,,Onion Flakes 10-15mm,dehy-onion-flakes-minced.html,Minced 10-15mm,
Dehydrated Products,🧅,dehydrated.html,Pieces & Flakes,Onion Flakes,dehy-onion-flakes.html,,,,Onion Flakes 3-5mm,dehy-onion-flakes-chopped.html,Chopped 3-5mm,
Dehydrated Products,🧅,dehydrated.html,Pieces & Flakes,Garlic Flakes,dehy-garlic-flakes.html,,,,Garlic Flakes 10-15mm,dehy-garlic-flakes-minced.html,Minced 10-15mm,
Dehydrated Products,🧅,dehydrated.html,Pieces & Flakes,Garlic Flakes,dehy-garlic-flakes.html,,,,Garlic Flakes 3-5mm,dehy-garlic-flakes-chopped.html,Chopped 3-5mm,
Dehydrated Products,🧅,dehydrated.html,Pieces & Flakes,Ginger Slices,dehy-ginger-slices.html,,,,Ginger Slices 10-15mm,dehy-ginger-slices-minced.html,Minced 10-15mm,
Dehydrated Products,🧅,dehydrated.html,Pieces & Flakes,Ginger Slices,dehy-ginger-slices.html,,,,Ginger Slices 3-5mm,dehy-ginger-slices-chopped.html,Chopped 3-5mm,
Dehydrated Products,🧅,dehydrated.html,Pieces & Flakes,Tomato Flakes,dehy-tomato-flakes.html,,,,Tomato Flakes 10-15mm,dehy-tomato-flakes-minced.html,Minced 10-15mm,
Dehydrated Products,🧅,dehydrated.html,Pieces & Flakes,Tomato Flakes,dehy-tomato-flakes.html,,,,Tomato Flakes 3-5mm,dehy-tomato-flakes-chopped.html,Chopped 3-5mm,
Dehydrated Products,🧅,dehydrated.html,Pieces & Flakes,Green Chilli Flakes,dehy-chilli-flakes.html,,,,Green Chilli Flakes 10-15mm,dehy-chilli-flakes-minced.html,Minced 10-15mm,
Dehydrated Products,🧅,dehydrated.html,Pieces & Flakes,Green Chilli Flakes,dehy-chilli-flakes.html,,,,Green Chilli Flakes 3-5mm,dehy-chilli-flakes-chopped.html,Chopped 3-5mm,
Dehydrated Products,🧅,dehydrated.html,Pieces & Flakes,Cabbage Flakes,dehy-cabbage-flakes.html,,,,Cabbage Flakes 10-15mm,dehy-cabbage-flakes-minced.html,Minced 10-15mm,
Dehydrated Products,🧅,dehydrated.html,Pieces & Flakes,Cabbage Flakes,dehy-cabbage-flakes.html,,,,Cabbage Flakes 3-5mm,dehy-cabbage-flakes-chopped.html,Chopped 3-5mm,
Dehydrated Products,🧅,dehydrated.html,Pieces & Flakes,Potato Flakes,dehy-potato-flakes.html,,,,Potato Flakes 10-15mm,dehy-potato-flakes-minced.html,Minced 10-15mm,
Dehydrated Products,🧅,dehydrated.html,Pieces & Flakes,Potato Flakes,dehy-potato-flakes.html,,,,Potato Flakes 3-5mm,dehy-potato-flakes-chopped.html,Chopped 3-5mm,
Dehydrated Products,🧅,dehydrated.html,Powder,Onion Powder,dehy-onion-powder.html,,,,100 Mesh,dehy-onion-powder-100mesh.html,100 mesh fine,
Dehydrated Products,🧅,dehydrated.html,Powder,Onion Powder,dehy-onion-powder.html,,,,80 Mesh,dehy-onion-powder-80mesh.html,80 mesh,
Dehydrated Products,🧅,dehydrated.html,Powder,Garlic Powder,dehy-garlic-powder.html,,,,100 Mesh,dehy-garlic-powder-100mesh.html,100 mesh fine,
Dehydrated Products,🧅,dehydrated.html,Powder,Garlic Powder,dehy-garlic-powder.html,,,,80 Mesh,dehy-garlic-powder-80mesh.html,80 mesh,
Dehydrated Products,🧅,dehydrated.html,Powder,Ginger Powder,dehy-ginger-powder.html,,,,100 Mesh,dehy-ginger-powder-100mesh.html,100 mesh fine,
Dehydrated Products,🧅,dehydrated.html,Powder,Ginger Powder,dehy-ginger-powder.html,,,,80 Mesh,dehy-ginger-powder-80mesh.html,80 mesh,
Dehydrated Products,🧅,dehydrated.html,Powder,Tomato Powder,dehy-tomato-powder.html,,,,100 Mesh,dehy-tomato-powder-100mesh.html,100 mesh fine,
Dehydrated Products,🧅,dehydrated.html,Powder,Tomato Powder,dehy-tomato-powder.html,,,,80 Mesh,dehy-tomato-powder-80mesh.html,80 mesh,
Dehydrated Products,🧅,dehydrated.html,Powder,Beetroot Powder,dehy-beetroot-powder.html,,,,100 Mesh,dehy-beetroot-powder-100mesh.html,100 mesh fine,
Dehydrated Products,🧅,dehydrated.html,Powder,Beetroot Powder,dehy-beetroot-powder.html,,,,80 Mesh,dehy-beetroot-powder-80mesh.html,80 mesh,
Dehydrated Products,🧅,dehydrated.html,Powder,Spinach Powder,dehy-spinach-powder.html,,,,100 Mesh,dehy-spinach-powder-100mesh.html,100 mesh fine,
Dehydrated Products,🧅,dehydrated.html,Powder,Spinach Powder,dehy-spinach-powder.html,,,,80 Mesh,dehy-spinach-powder-80mesh.html,80 mesh,
Herbs & Crude Drugs,🌿,herbs.html,Leaves & Flowers,Senna Leaves,herb-senna.html,,,,Senna Leaves Whole Dried,herb-senna-whole.html,TBC (Tightly Bound Clean),
Herbs & Crude Drugs,🌿,herbs.html,Leaves & Flowers,Senna Leaves,herb-senna.html,,,,Senna Leaves Powder,herb-senna-powder.html,80-100 mesh,
Herbs & Crude Drugs,🌿,herbs.html,Leaves & Flowers,Moringa Leaves,herb-moringa.html,,,,Moringa Leaves Whole Dried,herb-moringa-whole.html,TBC (Tightly Bound Clean),
Herbs & Crude Drugs,🌿,herbs.html,Leaves & Flowers,Moringa Leaves,herb-moringa.html,,,,Moringa Leaves Powder,herb-moringa-powder.html,80-100 mesh,
Herbs & Crude Drugs,🌿,herbs.html,Leaves & Flowers,Neem Leaves,herb-neem.html,,,,Neem Leaves Whole Dried,herb-neem-whole.html,TBC (Tightly Bound Clean),
Herbs & Crude Drugs,🌿,herbs.html,Leaves & Flowers,Neem Leaves,herb-neem.html,,,,Neem Leaves Powder,herb-neem-powder.html,80-100 mesh,
Herbs & Crude Drugs,🌿,herbs.html,Leaves & Flowers,Brahmi (Bacopa),herb-brahmi.html,,,,Brahmi (Bacopa) Whole Dried,herb-brahmi-whole.html,TBC (Tightly Bound Clean),
Herbs & Crude Drugs,🌿,herbs.html,Leaves & Flowers,Brahmi (Bacopa),herb-brahmi.html,,,,Brahmi (Bacopa) Powder,herb-brahmi-powder.html,80-100 mesh,
Herbs & Crude Drugs,🌿,herbs.html,Leaves & Flowers,Rose Petals,herb-rose-petals.html,,,,Rose Petals Whole Dried,herb-rose-petals-whole.html,TBC (Tightly Bound Clean),
Herbs & Crude Drugs,🌿,herbs.html,Leaves & Flowers,Rose Petals,herb-rose-petals.html,,,,Rose Petals Powder,herb-rose-petals-powder.html,80-100 mesh,
Herbs & Crude Drugs,🌿,herbs.html,Leaves & Flowers,Hibiscus Flowers,herb-hibiscus.html,,,,Hibiscus Flowers Whole Dried,herb-hibiscus-whole.html,TBC (Tightly Bound Clean),
Herbs & Crude Drugs,🌿,herbs.html,Leaves & Flowers,Hibiscus Flowers,herb-hibiscus.html,,,,Hibiscus Flowers Powder,herb-hibiscus-powder.html,80-100 mesh,
Herbs & Crude Drugs,🌿,herbs.html,Leaves & Flowers,Tulsi Leaves,herb-tulsi.html,,,,Tulsi Leaves Whole Dried,herb-tulsi-whole.html,TBC (Tightly Bound Clean),
Herbs & Crude Drugs,🌿,herbs.html,Leaves & Flowers,Tulsi Leaves,herb-tulsi.html,,,,Tulsi Leaves Powder,herb-tulsi-powder.html,80-100 mesh,
Herbs & Crude Drugs,🌿,herbs.html,Fruits & Pods,Amla (Gooseberry),herb-amla.html,,,,Amla (Gooseberry) Whole,herb-amla-whole.html,,
Herbs & Crude Drugs,🌿,herbs.html,Fruits & Pods,Amla (Gooseberry),herb-amla.html,,,,Amla (Gooseberry) Powder,herb-amla-powder.html,,
Herbs & Crude Drugs,🌿,herbs.html,Fruits & Pods,Triphala,herb-triphala.html,,,,Triphala Whole,herb-triphala-whole.html,,
Herbs & Crude Drugs,🌿,herbs.html,Fruits & Pods,Triphala,herb-triphala.html,,,,Triphala Powder,herb-triphala-powder.html,,
Herbs & Crude Drugs,🌿,herbs.html,Fruits & Pods,Baheda,herb-baheda.html,,,,Baheda Whole,herb-baheda-whole.html,,
Herbs & Crude Drugs,🌿,herbs.html,Fruits & Pods,Baheda,herb-baheda.html,,,,Baheda Powder,herb-baheda-powder.html,,
Herbs & Crude Drugs,🌿,herbs.html,Fruits & Pods,Harad (Haritaki),herb-harad.html,,,,Harad (Haritaki) Whole,herb-harad-whole.html,,
Herbs & Crude Drugs,🌿,herbs.html,Fruits & Pods,Harad (Haritaki),herb-harad.html,,,,Harad (Haritaki) Powder,herb-harad-powder.html,,
Herbs & Crude Drugs,🌿,herbs.html,Fruits & Pods,Shikakai Pods,herb-shikakai.html,,,,Shikakai Pods Whole,herb-shikakai-whole.html,,
Herbs & Crude Drugs,🌿,herbs.html,Fruits & Pods,Shikakai Pods,herb-shikakai.html,,,,Shikakai Pods Powder,herb-shikakai-powder.html,,
Herbs & Crude Drugs,🌿,herbs.html,Seeds,Psyllium Husk,herb-psyllium.html,85-99%,Gujarat,,Psyllium Husk 99%,herb-psyllium-99.html,99% purity,Super premium
Herbs & Crude Drugs,🌿,herbs.html,Seeds,Psyllium Husk,herb-psyllium.html,85-99%,Gujarat,,Psyllium Husk 95%,herb-psyllium-95.html,95% purity,
Herbs & Crude Drugs,🌿,herbs.html,Seeds,Psyllium Husk,herb-psyllium.html,85-99%,Gujarat,,Psyllium Husk 85%,herb-psyllium-85.html,85% purity,Standard
Herbs & Crude Drugs,🌿,herbs.html,Seeds,Psyllium Husk,herb-psyllium.html,85-99%,Gujarat,,Psyllium Seeds,herb-psyllium-seeds.html,Whole seeds,
Herbs & Crude Drugs,🌿,herbs.html,Seeds,Ajwain (Carom),herb-ajwain.html,,,,Export Grade,herb-ajwain-export.html,,
Herbs & Crude Drugs,🌿,herbs.html,Seeds,Kalonji (Nigella),herb-kalonji.html,,,,Export Grade,herb-kalonji-export.html,,
Herbs & Crude Drugs,🌿,herbs.html,Seeds,Fenugreek Pharma,herb-fenugreek-pharma.html,,,,Export Grade,herb-fenugreek-pharma-export.html,,
Herbs & Crude Drugs,🌿,herbs.html,Roots & Rhizomes,Ashwagandha Root,herb-ashwagandha.html,,,,Ashwagandha Root Whole,herb-ashwagandha-whole.html,,
Herbs & Crude Drugs,🌿,herbs.html,Roots & Rhizomes,Ashwagandha Root,herb-ashwagandha.html,,,,Ashwagandha Root Powder,herb-ashwagandha-powder.html,,
Herbs & Crude Drugs,🌿,herbs.html,Roots & Rhizomes,Shatavari,herb-shatavari.html,,,,Shatavari Whole,herb-shatavari-whole.html,,
Herbs & Crude Drugs,🌿,herbs.html,Roots & Rhizomes,Shatavari,herb-shatavari.html,,,,Shatavari Powder,herb-shatavari-powder.html,,
Herbs & Crude Drugs,🌿,herbs.html,Roots & Rhizomes,Licorice Root,herb-licorice.html,,,,Licorice Root Whole,herb-licorice-whole.html,,
Herbs & Crude Drugs,🌿,herbs.html,Roots & Rhizomes,Licorice Root,herb-licorice.html,,,,Licorice Root Powder,herb-licorice-powder.html,,
Herbs & Crude Drugs,🌿,herbs.html,Roots & Rhizomes,Dry Ginger Root,herb-ginger-root.html,,,,Dry Ginger Root Whole,herb-ginger-root-whole.html,,
Herbs & Crude Drugs,🌿,herbs.html,Roots & Rhizomes,Dry Ginger Root,herb-ginger-root.html,,,,Dry Ginger Root Powder,herb-ginger-root-powder.html,,
Herbs & Crude Drugs,🌿,herbs.html,Roots & Rhizomes,Turmeric Root,herb-turmeric-root.html,,,,Turmeric Root Whole,herb-turmeric-root-whole.html,,
Herbs & Crude Drugs,🌿,herbs.html,Roots & Rhizomes,Turmeric Root,herb-turmeric-root.html,,,,Turmeric Root Powder,herb-turmeric-root-powder.html,,
Food Chemicals,⚗️,food-chemicals.html,Sugars & Starches,Citric Acid,chem-citric-acid.html,,,,Food Grade,chem-citric-acid-food.html,FCC/BP/USP,
Food Chemicals,⚗️,food-chemicals.html,Sugars & Starches,Citric Acid,chem-citric-acid.html,,,,Industrial Grade,chem-citric-acid-industrial.html,Technical,
Food Chemicals,⚗️,food-chemicals.html,Sugars & Starches,Dextrose Monohydrate,chem-dextrose.html,,,,Food Grade,chem-dextrose-food.html,FCC/BP/USP,
Food Chemicals,⚗️,food-chemicals.html,Sugars & Starches,Dextrose Monohydrate,chem-dextrose.html,,,,Industrial Grade,chem-dextrose-industrial.html,Technical,
Food Chemicals,⚗️,food-chemicals.html,Sugars & Starches,Maltodextrin,chem-maltodextrin.html,,,,Food Grade,chem-maltodextrin-food.html,FCC/BP/USP,
Food Chemicals,⚗️,food-chemicals.html,Sugars & Starches,Maltodextrin,chem-maltodextrin.html,,,,Industrial Grade,chem-maltodextrin-industrial.html,Technical,
Food Chemicals,⚗️,food-chemicals.html,Sugars & Starches,Corn Starch,chem-corn-starch.html,,,,Food Grade,chem-corn-starch-food.html,FCC/BP/USP,
Food Chemicals,⚗️,food-chemicals.html,Sugars & Starches,Corn Starch,chem-corn-starch.html,,,,Industrial Grade,chem-corn-starch-industrial.html,Technical,
Food Chemicals,⚗️,food-chemicals.html,Sugars & Starches,Tapioca Starch,chem-tapioca-starch.html,,,,Food Grade,chem-tapioca-starch-food.html,FCC/BP/USP,
Food Chemicals,⚗️,food-chemicals.html,Sugars & Starches,Tapioca Starch,chem-tapioca-starch.html,,,,Industrial Grade,chem-tapioca-starch-industrial.html,Technical,
Food Chemicals,⚗️,food-chemicals.html,Food Additives,Tartaric Acid,chem-tartaric-acid.html,,,,Food Grade,chem-tartaric-acid-food.html,FCC/BP,
Food Chemicals,⚗️,food-chemicals.html,Food Additives,Malic Acid,chem-malic-acid.html,,,,Food Grade,chem-malic-acid-food.html,FCC/BP,
Food Chemicals,⚗️,food-chemicals.html,Food Additives,Sodium Bicarbonate,chem-sodium-bicarb.html,,,,Food Grade,chem-sodium-bicarb-food.html,FCC/BP,
Food Chemicals,⚗️,food-chemicals.html,Food Additives,Potassium Sorbate,chem-potassium-sorbate.html,,,,Food Grade,chem-potassium-sorbate-food.html,FCC/BP,
Food Chemicals,⚗️,food-chemicals.html,Food Additives,Xanthan Gum,chem-xanthan-gum.html,,,,Food Grade,chem-xanthan-gum-food.html,FCC/BP,
Food Chemicals,⚗️,food-chemicals.html,Food Additives,Sodium Benzoate,chem-sodium-benzoate.html,,,,Food Grade,chem-sodium-benzoate-food.html,FCC/BP,
Food Chemicals,⚗️,food-chemicals.html,Hydrocolloids,Guar Gum Powder,chem-guar-powder.html,,,,Food Grade,chem-guar-powder-food.html,,
Food Chemicals,⚗️,food-chemicals.html,Hydrocolloids,Guar Gum Powder,chem-guar-powder.html,,,,Industrial Grade,chem-guar-powder-industrial.html,,
Food Chemicals,⚗️,food-chemicals.html,Hydrocolloids,Guar Splits,chem-guar-splits.html,,,,Food Grade,chem-guar-splits-food.html,,
Food Chemicals,⚗️,food-chemicals.html,Hydrocolloids,Guar Splits,chem-guar-splits.html,,,,Industrial Grade,chem-guar-splits-industrial.html,,
Food Chemicals,⚗️,food-chemicals.html,Hydrocolloids,Psyllium Husk Powder,chem-psyllium-powder.html,,,,Food Grade,chem-psyllium-powder-food.html,,
Food Chemicals,⚗️,food-chemicals.html,Hydrocolloids,Psyllium Husk Powder,chem-psyllium-powder.html,,,,Industrial Grade,chem-psyllium-powder-industrial.html,,
Food Chemicals,⚗️,food-chemicals.html,Hydrocolloids,Fenugreek Gum,chem-fenugreek-gum.html,,,,Food Grade,chem-fenugreek-gum-food.html,,
Food Chemicals,⚗️,food-chemicals.html,Hydrocolloids,Fenugreek Gum,chem-fenugreek-gum.html,,,,Industrial Grade,chem-fenugreek-gum-industrial.html,,
Food Chemicals,⚗️,food-chemicals.html,Hydrocolloids,Locust Bean Gum,chem-locust-bean.html,,,,Food Grade,chem-locust-bean-food.html,,
Food Chemicals,⚗️,food-chemicals.html,Hydrocolloids,Locust Bean Gum,chem-locust-bean.html,,,,Industrial Grade,chem-locust-bean-industrial.html,,
Food Chemicals,⚗️,food-chemicals.html,Natural Food Colours,Curcumin (Turmeric),chem-curcumin.html,,,,Standard Grade,chem-curcumin-standard.html,,
Food Chemicals,⚗️,food-chemicals.html,Natural Food Colours,Paprika Oleoresin,chem-paprika.html,,,,Standard Grade,chem-paprika-standard.html,,
Food Chemicals,⚗️,food-chemicals.html,Natural Food Colours,Annatto Extract,chem-annatto.html,,,,Standard Grade,chem-annatto-standard.html,,
Food Chemicals,⚗️,food-chemicals.html,Natural Food Colours,Beetroot Red,chem-beetroot-colour.html,,,,Standard Grade,chem-beetroot-colour-standard.html,,
Food Chemicals,⚗️,food-chemicals.html,Natural Food Colours,Caramel Colour,chem-caramel.html,,,,Standard Grade,chem-caramel-standard.html,,
Animal Feed,🐄,animal-feed.html,Corn & Maize,Whole Yellow Corn,feed-yellow-corn.html,,,,Feed Grade,feed-yellow-corn-feed.html,GMP+ certified,
Animal Feed,🐄,animal-feed.html,Corn & Maize,Broken Corn,feed-broken-corn.html,,,,Feed Grade,feed-broken-corn-feed.html,GMP+ certified,
Animal Feed,🐄,animal-feed.html,Corn & Maize,Corn Gluten Meal 60%,feed-corn-gluten.html,,,,Feed Grade,feed-corn-gluten-feed.html,GMP+ certified,
Animal Feed,🐄,animal-feed.html,Millets,Pearl Millet (Bajra),feed-pearl-millet.html,,,,Feed Grade,feed-pearl-millet-feed.html,,
Animal Feed,🐄,animal-feed.html,Millets,Green Millet,feed-green-millet.html,,,,Feed Grade,feed-green-millet-feed.html,,
Animal Feed,🐄,animal-feed.html,Millets,Sorghum (Jowar),feed-sorghum.html,,,,Feed Grade,feed-sorghum-feed.html,,
Animal Feed,🐄,animal-feed.html,Millets,Ragi,feed-ragi.html,,,,Feed Grade,feed-ragi-feed.html,,
Animal Feed,🐄,animal-feed.html,Protein Meals,Soybean Meal 47.5%,feed-soybean-meal.html,,,,Feed Grade,feed-soybean-meal-feed.html,,
Animal Feed,🐄,animal-feed.html,Protein Meals,Wheat Bran,feed-wheat-bran.html,,,,Feed Grade,feed-wheat-bran-feed.html,,
Animal Feed,🐄,animal-feed.html,Protein Meals,Sunflower Meal,feed-sunflower-meal.html,,,,Feed Grade,feed-sunflower-meal-feed.html,,
Animal Feed,🐄,animal-feed.html,Protein Meals,De-Oiled Mustard Cake,feed-mustard-cake.html,,,,Feed Grade,feed-mustard-cake-feed.html,,
Animal Feed,🐄,animal-feed.html,Protein Meals,Rice Bran,feed-rice-bran.html,,,,Feed Grade,feed-rice-bran-feed.html,,
Animal Feed,🐄,animal-feed.html,Protein Meals,Soybean Hulls,feed-soybean-hulls.html,,,,Feed Grade,feed-soybean-hulls-feed.html,,
